team,confederation
Abkhazia,
Afghanistan,AFC
Albania,UEFA
Alderney,
Algeria,CAF
Ambazonia,
American Samoa,OFC
Andalusia,
Andorra,UEFA
Angola,CAF
Anguilla,CONCACAF
Antigua and Barbuda,CONCACAF
Arameans Suryoye,
Argentina,CONMEBOL
Armenia,UEFA
Artsakh,
Aruba,CONCACAF
Asturias,
Athletic Club,
Atlético Madrid,
Australia,AFC
Austria,UEFA
Aymara,
Azerbaijan,UEFA
Bahamas,CONCACAF
Bahrain,AFC
Bangladesh,AFC
Barawa,
Barbados,CONCACAF
Barcelona,
Basque Country,
Belarus,UEFA
Belgium,UEFA
Belize,CONCACAF
Benin,CAF
Bermuda,CONCACAF
Bhutan,AFC
Biafra,
Bolivia,CONMEBOL
Bonaire,CONCACAF
Bosnia and Herzegovina,UEFA
Botswana,CAF
Brazil,CONMEBOL
British Virgin Islands,CONCACAF
Brittany,
Brunei,AFC
Bulgaria,UEFA
Burkina Faso,CAF
Burundi,CAF
Cambodia,AFC
Cameroon,CAF
Canada,CONCACAF
Canary Islands,
Cape Verde,CAF
Cascadia,
Catalonia,
Cayman Islands,CONCACAF
Celta Vigo,
Central African Republic,CAF
Central Spain,
Chad,CAF
Chagos Islands,
Chameria,
Chechnya,
Chile,CONMEBOL
China,AFC
Cilento,
Colombia,CONMEBOL
Comoros,CAF
Congo,CAF
Cook Islands,OFC
Corsica,
Costa Rica,CONCACAF
County of Nice,
Crimea,
Croatia,UEFA
Cuba,CONCACAF
Curaçao,CONCACAF
Cyprus,UEFA
Czech Republic,UEFA
Czechoslovakia,UEFA
Cádiz,
DR Congo,CAF
Darfur,
Denmark,UEFA
Deportivo Alavés,
Djibouti,CAF
Dominica,CONCACAF
Dominican Republic,CONCACAF
Donetsk PR,
Délvidék,
East Turkestan,
Ecuador,CONMEBOL
Egypt,CAF
Eibar,
El Salvador,CONCACAF
Elba Island,
Elche,
Ellan Vannin,
England,UEFA
Equatorial Guinea,CAF
Eritrea,CAF
Espanyol,
Estonia,UEFA
Eswatini,CAF
Ethiopia,CAF
Falkland Islands,
Faroe Islands,UEFA
Felvidék,
Fiji,OFC
Finland,UEFA
France,UEFA
Franconia,
French Guiana,CONCACAF
Frøya,
Gabon,CAF
Galicia,
Gambia,CAF
Georgia,UEFA
German DR,
Germany,UEFA
Getafe,
Ghana,CAF
Gibraltar,UEFA
Girona,
Gotland,
Gozo,
Granada,
Greece,UEFA
Greenland,
Grenada,CONCACAF
Guadeloupe,CONCACAF
Guam,AFC
Guatemala,CONCACAF
Guernsey,
Guinea,CAF
Guinea-Bissau,CAF
Guyana,CONCACAF
Găgăuzia,
Haiti,CONCACAF
Hitra,
Hmong,
Honduras,CONCACAF
Hong Kong,AFC
Huesca,
Hungary,UEFA
Iceland,UEFA
India,AFC
Indonesia,AFC
Iran,AFC
Iraq,AFC
Iraqi Kurdistan,
Isle of Man,
Isle of Wight,
Israel,UEFA
Italy,UEFA
Ivory Coast,CAF
Jamaica,CONCACAF
Japan,AFC
Jersey,
Jordan,AFC
Kabylia,
Kazakhstan,UEFA
Kenya,CAF
Kernow,
Kiribati,OFC
Kosovo,UEFA
Kurdistan,
Kuwait,AFC
Kyrgyzstan,AFC
Kárpátalja,
Laos,AFC
Las Palmas,
Latvia,UEFA
Lebanon,AFC
Leganés,
Lesotho,CAF
Levante UD,
Liberia,CAF
Libya,CAF
Liechtenstein,UEFA
Lithuania,UEFA
Luhansk PR,
Luxembourg,UEFA
Macau,AFC
Madagascar,CAF
Madrid,
Malawi,CAF
Malaysia,AFC
Maldives,AFC
Mali,CAF
Mallorca,
Malta,UEFA
Manchukuo,
Mapuche,
Marshall Islands,
Martinique,CONCACAF
Matabeleland,
Maule Sur,
Mauritania,CAF
Mauritius,CAF
Mayotte,
Menorca,
Mexico,CONCACAF
Micronesia,
Moldova,UEFA
Monaco,
Mongolia,AFC
Montenegro,UEFA
Montserrat,CONCACAF
Morocco,CAF
Mozambique,CAF
Myanmar,AFC
Málaga,
Namibia,CAF
Nepal,AFC
Netherlands,UEFA
New Caledonia,OFC
New Zealand,OFC
Nicaragua,CONCACAF
Niger,CAF
Nigeria,CAF
Niue,OFC
North Korea,AFC
North Macedonia,UEFA
North Vietnam,
Northern Cyprus,
Northern Ireland,UEFA
Northern Mariana Islands,
Norway,UEFA
Occitania,
Oman,AFC
Orkney,
Osasuna,
Padania,
Pakistan,AFC
Palau,
Palestine,AFC
Panama,CONCACAF
Panjab,
Papua New Guinea,OFC
Paraguay,CONMEBOL
Parishes of Jersey,
Peru,CONMEBOL
Philippines,AFC
Poland,UEFA
Portugal,UEFA
Provence,
Puerto Rico,CONCACAF
Qatar,AFC
Quebec,
RC Deportivo La Coruña,
Raetia,
Real Betis,
Real Madrid,
Real Sociedad,
Real Valladolid,
Republic of Ireland,UEFA
Republic of St. Pauli,
Rhodes,
Romani people,
Romania,UEFA
Russia,UEFA
Rwanda,CAF
Ryūkyū,
Réunion,
Saare County,
Saarland,
Saint Barthélemy,
Saint Helena,
Saint Kitts and Nevis,CONCACAF
Saint Lucia,CONCACAF
Saint Martin,CONCACAF
Saint Pierre and Miquelon,
Saint Vincent and the Grenadines,CONCACAF
Samoa,OFC
San Marino,UEFA
Sark,
Saudi Arabia,AFC
Saugeais,
Scotland,UEFA
Sealand,
Seborga,
Senegal,CAF
Serbia,UEFA
Sevilla,
Seychelles,CAF
Shetland,
Sierra Leone,CAF
Silesia,
Singapore,AFC
Sint Maarten,CONCACAF
Slovakia,UEFA
Slovenia,UEFA
Solomon Islands,OFC
Somalia,CAF
Somaliland,
South Africa,CAF
South Korea,AFC
South Ossetia,
South Sudan,CAF
South Yemen,
Spain,UEFA
Sri Lanka,AFC
Sudan,CAF
Suriname,CONCACAF
Surrey,
Sweden,UEFA
Switzerland,UEFA
Syria,AFC
Székely Land,
Sápmi,
São Tomé and Príncipe,CAF
Tahiti,OFC
Taiwan,
Tajikistan,AFC
Tamil Eelam,
Tanzania,CAF
Thailand,AFC
Tibet,
Ticino,
Timor-Leste,AFC
Togo,CAF
Tonga,OFC
Trinidad and Tobago,CONCACAF
Tunisia,CAF
Turkey,UEFA
Turkmenistan,AFC
Turks and Caicos Islands,CONCACAF
Tuvalu,OFC
Two Sicilies,
Uganda,CAF
Ukraine,UEFA
United Arab Emirates,AFC
United Koreans in Japan,
United States,CONCACAF
United States Virgin Islands,
Uruguay,CONMEBOL
Uzbekistan,AFC
Valencia,
Vanuatu,OFC
Vatican City,
Venezuela,CONMEBOL
Vietnam,AFC
Vietnam Republic,
Villarreal,
Wales,UEFA
Wallis Islands and Futuna,
West Papua,
Western Armenia,
Western Australia,
Western Isles,
Western Sahara,
Yemen,AFC
Yemen DPR,
Ynys Môn,
Yorkshire,
Yoruba Nation,
Yugoslavia,UEFA
Zambia,CAF
Zanzibar,
Zimbabwe,CAF
Åland Islands,
